{"text": "\u4ec0\u4e48\u662f\u8fc7\u5883\u7c73\u8001\u9f20\u8bf4\u7684\u662f\u8fd9\u53ea96\u5c81\u671d\u5ef7\u7684\u7ea7\u522b\u5361\u98ce\u57282023\u5e74\u672b\u7ec8\u4e8e\u8fc7\u6765\u4e86\u957f\u8fbe95\u5e74\u7684\u7248\u6743\u4fdd\u62a4\u671f\u8fd9\u610f\u5473\u7740\u4ece2024\u5e74\u5f00\u59cb\u5b83\u5c31\u6210\u4e3a\u5168\u4eba\u7c7b\u7684\u5171\u540c\u8d22\u4ea7\u800c\u5bf9\u6240\u6709\u4eba\u5f00\u653e\u4f7f\u7528\u4f5c\u4e3a20\u4e16\u7eaa\u6700\u4e3a\u6210\u529f\u7684\u52a8\u753b\u5f62\u8c61\u4e4b\u4e00\u8fea\u58eb\u5c3c\u4e3a\u4e86\u4fdd\u4f4f\u7c73\u8001\u9f20\u8fd9\u53f0\u8d5a\u94b1\u673a\u5668\u901a\u8fc7\u56db\u6b21\u7acb\u6cd5\u63d0\u6848\u6210\u529f\u4e0a\u8fd9\u53ea\u8bde\u751f\u4e8e1928\u5e74\u7684\u7c73\u8001\u9f20\u7248\u6743\u671f\u4ece\u6700\u521d\u768456\u5e74\u5ef6\u957f\u5230\u4e8695\u5e74\u4e5f\u5c31\u662f\u57282023\u5e74\u5e95\u5230\u671f\u800c\u8fd9\u79cd\u4e3a\u4e86\u635e\u91d1\u7684\u65e0\u4e0b\u7ebf\u98d8\u4f5c\u4e5f\u8ba9\u7f8e\u56fd\u7248\u6743\u6cd5\u88ab\u516c\u4f17\u7cfb\u79f0\u4e3a\u7c73\u8001\u9f20\u4fdd\u62a4\u6cd5\u800c\u88ab\u8bb0\u5f55\u7684\u5e7f\u5927\u7f51\u53cb\u66f4\u4e0d\u4f1a\u704c\u7740\u56e0\u6b64\u57282024\u5e74\u521d\u7248\u6743\u521a\u8fc7\u6280\u672f\u96c6\u4f53\u6574\u6d3b\u5bf9\u7c73\u8001\u9f20\u8fdb\u884c\u5c01\u53e3\u4e8c\u521b\u6709\u8fd9\u6837\u7684 \u8fd9\u6837\u7684 \u8fd9\u6837\u7684 \u8fd9\u6837\u7684 \u8fd8\u6709\u8fd9\u6837\u7684\u8fd8\u8981\u6ce8\u610f\u7684\u662f\u8fd9\u6b21\u5bf9\u516c\u4f17\u5f00\u653e\u7248\u6743\u7684\u4ec5\u4ec5\u662f1928\u5e74\u7684\u521d\u4ee3\u7c73\u8001\u9f20\u5f62\u8c61\u800c\u8fea\u58eb\u5c3c\u4e3a\u4e86\u5de9\u56fa\u8fd9\u68f5\u6447\u94b1\u6811\u6bcf\u9694\u51e0\u5e74\u5c31\u53ef\u4ee5\u5bf9\u5176\u5f62\u8c61\u8fdb\u884c\u66f4\u65b0\u5230\u73b0\u5728\u5df2\u7ecf\u62e8\u6253\u5341\u51e0\u4e2a\u4e0d\u540c\u7684\u7248\u672c\u6bcf\u4e2a\u5f62\u8c61\u90fd\u6709\u6ce8\u518c\u72ec\u7acb\u7684\u7248\u6743", "segments": [{"id": 0, "seek": 0, "start": 0.0, "end": 1.44, "text": "\u4ec0\u4e48\u662f\u8fc7\u5883\u7c73\u8001\u9f20", "tokens": [50365, 10440, 1541, 16866, 47885, 27742, 10439, 41111, 254, 50437], "temperature": 0.0, "avg_logprob": -0.15450416455428567, "compression_ratio": 1.3623595505617978, "no_speech_prob": 3.077872332002407e-11}, {"id": 1, "seek": 0, "start": 1.44, "end": 4.0, "text": "\u8bf4\u7684\u662f\u8fd9\u53ea96\u5c81\u671d\u5ef7\u7684\u7ea7\u522b\u5361\u98ce", "tokens": [50437, 8090, 24620, 5562, 14003, 22962, 23182, 223, 46610, 17527, 115, 1546, 16853, 100, 18453, 32681, 47209, 50565], "temperature": 0.0, "avg_logprob": -0.15450416455428567, "compression_ratio": 1.3623595505617978, "no_speech_prob": 3.077872332002407e-11}, {"id": 2, "seek": 0, "start": 4.0, "end": 7.44, "text": "\u57282023\u5e74\u672b\u7ec8\u4e8e\u8fc7\u6765\u4e86\u957f\u8fbe95\u5e74\u7684\u7248\u6743\u4fdd\u62a4\u671f", "tokens": [50565, 3581, 2009, 9356, 5157, 1474, 104, 10115, 230, 37732, 16866, 34912, 32271, 9830, 122, 15718, 34128, 42096, 4422, 225, 24302, 7235, 97, 16786, 50737], "temperature": 0.0, "avg_logprob": -0.15450416455428567, "compression_ratio": 1.3623595505617978, "no_speech_prob": 3.077872332002407e-11}, {"id": 3, "seek": 0, "start": 7.44, "end": 9.28, "text": "\u8fd9\u610f\u5473\u7740\u4ece2024\u5e74\u5f00\u59cb", "tokens": [50737, 5562, 9042, 17268, 20708, 35630, 2009, 7911, 5157, 45213, 50829], "temperature": 0.0, "avg_logprob": -0.15450416455428567, "compression_ratio": 1.3623595505617978, "no_speech_prob": 3.077872332002407e-11}, {"id": 4, "seek": 0, "start": 9.28, "end": 11.02, "text": "\u5b83\u5c31\u6210\u4e3a\u5168\u4eba\u7c7b\u7684\u5171\u540c\u8d22\u4ea7", "tokens": [50829, 11284, 3111, 11336, 13992, 11319, 4035, 22113, 119, 1546, 15408, 13089, 18464, 95, 1369, 100, 50916], "temperature": 0.0, "avg_logprob": -0.15450416455428567, "compression_ratio": 1.3623595505617978, "no_speech_prob": 3.077872332002407e-11}, {"id": 5, "seek": 0, "start": 11.02, "end": 12.48, "text": "\u800c\u5bf9\u6240\u6709\u4eba\u5f00\u653e\u4f7f\u7528", "tokens": [50916, 11070, 8713, 39300, 4035, 18937, 12744, 22982, 9254, 50989], "temperature": 0.0, "avg_logprob": -0.15450416455428567, "compression_ratio": 1.3623595505617978, "no_speech_prob": 3.077872332002407e-11}, {"id": 6, "seek": 0, "start": 12.48, "end": 15.02, "text": "\u4f5c\u4e3a20\u4e16\u7eaa\u6700\u4e3a\u6210\u529f\u7684\u52a8\u753b\u5f62\u8c61\u4e4b\u4e00", "tokens": [50989, 11914, 13992, 2009, 17484, 16853, 103, 8661, 13992, 11336, 32311, 1546, 34961, 27126, 30900, 45007, 9574, 2257, 51116], "temperature": 0.0, "avg_logprob": -0.15450416455428567, "compression_ratio": 1.3623595505617978, "no_speech_prob": 3.077872332002407e-11}, {"id": 7, "seek": 0, "start": 15.02, "end": 17.54, "text": "\u8fea\u58eb\u5c3c\u4e3a\u4e86\u4fdd\u4f4f\u7c73\u8001\u9f20\u8fd9\u53f0\u8d5a\u94b1\u673a\u5668", "tokens": [51116, 3316, 103, 30337, 1530, 120, 13992, 2289, 24302, 21632, 27742, 10439, 41111, 254, 5562, 15433, 5266, 248, 39623, 37960, 34386, 51242], "temperature": 0.0, "avg_logprob": -0.15450416455428567, "compression_ratio": 1.3623595505617978, "no_speech_prob": 3.077872332002407e-11}, {"id": 8, "seek": 0, "start": 17.54, "end": 18.900000000000002, "text": "\u901a\u8fc7\u56db\u6b21\u7acb\u6cd5\u63d0\u6848", "tokens": [51242, 19550, 16866, 19425, 9487, 24409, 11148, 20949, 28899, 51310], "temperature": 0.0, "avg_logprob": -0.15450416455428567, "compression_ratio": 1.3623595505617978, "no_speech_prob": 3.077872332002407e-11}, {"id": 9, "seek": 0, "start": 18.900000000000002, "end": 21.82, "text": "\u6210\u529f\u4e0a\u8fd9\u53ea\u8bde\u751f\u4e8e1928\u5e74\u7684\u7c73\u8001\u9f20\u7248\u6743\u671f", "tokens": [51310, 11336, 32311, 5708, 5562, 14003, 5233, 252, 8244, 37732, 3405, 11205, 34128, 27742, 10439, 41111, 254, 42096, 4422, 225, 16786, 51456], "temperature": 0.0, "avg_logprob": -0.15450416455428567, "compression_ratio": 1.3623595505617978, "no_speech_prob": 3.077872332002407e-11}, {"id": 10, "seek": 0, "start": 21.82, "end": 24.240000000000002, "text": "\u4ece\u6700\u521d\u768456\u5e74\u5ef6\u957f\u5230\u4e8695\u5e74", "tokens": [51456, 35630, 8661, 28727, 1546, 18317, 5157, 17527, 114, 32271, 21381, 15718, 5157, 51577], "temperature": 0.0, "avg_logprob": -0.15450416455428567, "compression_ratio": 1.3623595505617978, "no_speech_prob": 3.077872332002407e-11}, {"id": 11, "seek": 0, "start": 24.240000000000002, "end": 25.96, "text": "\u4e5f\u5c31\u662f\u57282023\u5e74\u5e95\u5230\u671f", "tokens": [51577, 6404, 5620, 3581, 2009, 9356, 5157, 22816, 4511, 16786, 51663], "temperature": 0.0, "avg_logprob": -0.15450416455428567, "compression_ratio": 1.3623595505617978, "no_speech_prob": 3.077872332002407e-11}, {"id": 12, "seek": 0, "start": 25.96, "end": 27.86, "text": "\u800c\u8fd9\u79cd\u4e3a\u4e86\u635e\u91d1\u7684\u65e0\u4e0b\u7ebf\u98d8\u4f5c", "tokens": [51663, 11070, 5562, 39810, 13992, 2289, 26075, 252, 19117, 1546, 31364, 4438, 16853, 123, 11808, 246, 11914, 51758], "temperature": 0.0, "avg_logprob": -0.15450416455428567, "compression_ratio": 1.3623595505617978, "no_speech_prob": 3.077872332002407e-11}, {"id": 13, "seek": 2786, "start": 27.86, "end": 30.82, "text": "\u4e5f\u8ba9\u7f8e\u56fd\u7248\u6743\u6cd5\u88ab\u516c\u4f17\u7cfb\u79f0\u4e3a\u7c73\u8001\u9f20\u4fdd\u62a4\u6cd5", "tokens": [50365, 6404, 33650, 9175, 16086, 42096, 4422, 225, 11148, 23238, 13545, 7384, 245, 25368, 8204, 108, 13992, 27742, 10439, 41111, 254, 24302, 7235, 97, 11148, 50513], "temperature": 0.0, "avg_logprob": -0.1315830518614571, "compression_ratio": 1.4385964912280702, "no_speech_prob": 1.5149130214164863e-11}, {"id": 14, "seek": 2786, "start": 30.82, "end": 32.96, "text": "\u800c\u88ab\u8bb0\u5f55\u7684\u5e7f\u5927\u7f51\u53cb\u66f4\u4e0d\u4f1a\u704c\u7740", "tokens": [50513, 11070, 23238, 34756, 7391, 243, 1546, 3509, 123, 3582, 16469, 239, 14765, 19002, 47928, 13290, 234, 20708, 50620], "temperature": 0.0, "avg_logprob": -0.1315830518614571, "compression_ratio": 1.4385964912280702, "no_speech_prob": 1.5149130214164863e-11}, {"id": 15,